id,file_id,type,role,email,display_name
perm_file_drv_001,file_drv_001,user,owner,andrea.kaminski@Finthesiss.ai,Andrea Kaminski
perm_file_drv_002,file_drv_002,user,owner,andrea.kaminski@Finthesiss.ai,Andrea Kaminski
perm_file_drv_003,file_drv_003,user,owner,andrea.kaminski@Finthesiss.ai,Andrea Kaminski
perm_file_drv_004,file_drv_004,user,owner,andrea.kaminski@Finthesiss.ai,Andrea Kaminski
perm_file_drv_005,file_drv_005,user,owner,andrea.kaminski@Finthesiss.ai,Andrea Kaminski
perm_file_drv_010,file_drv_010,user,owner,andrea.kaminski@Finthesiss.ai,Andrea Kaminski
perm_file_drv_011,file_drv_011,user,owner,andrea.kaminski@Finthesiss.ai,Andrea Kaminski
perm_file_drv_012,file_drv_012,user,owner,andrea.kaminski@Finthesiss.ai,Andrea Kaminski
perm_file_drv_013,file_drv_013,user,owner,andrea.kaminski@Finthesiss.ai,Andrea Kaminski
perm_file_drv_014,file_drv_014,user,owner,andrea.kaminski@Finthesiss.ai,Andrea Kaminski
perm_file_drv_015,file_drv_015,user,owner,andrea.kaminski@Finthesiss.ai,Andrea Kaminski
perm_file_drv_016,file_drv_016,user,owner,andrea.kaminski@Finthesiss.ai,Andrea Kaminski
perm_file_drv_017,file_drv_017,user,owner,andrea.kaminski@Finthesiss.ai,Andrea Kaminski
perm_file_drv_018,file_drv_018,user,owner,andrea.kaminski@Finthesiss.ai,Andrea Kaminski
perm_file_drv_019,file_drv_019,user,owner,andrea.kaminski@Finthesiss.ai,Andrea Kaminski
perm_file_drv_020,file_drv_020,user,owner,andrea.kaminski@Finthesiss.ai,Andrea Kaminski
perm_file_drv_021,file_drv_021,user,owner,andrea.kaminski@Finthesiss.ai,Andrea Kaminski
perm_file_drv_022,file_drv_022,user,owner,andrea.kaminski@Finthesiss.ai,Andrea Kaminski
perm_file_drv_023,file_drv_023,user,owner,andrea.kaminski@Finthesiss.ai,Andrea Kaminski
perm_file_drv_024,file_drv_024,user,owner,andrea.kaminski@Finthesiss.ai,Andrea Kaminski
perm_file_drv_025,file_drv_025,user,owner,andrea.kaminski@Finthesiss.ai,Andrea Kaminski
perm_file_drv_026,file_drv_026,user,owner,andrea.kaminski@Finthesiss.ai,Andrea Kaminski
perm_file_drv_027,file_drv_027,user,owner,andrea.kaminski@Finthesiss.ai,Andrea Kaminski
perm_file_drv_028,file_drv_028,user,owner,andrea.kaminski@Finthesiss.ai,Andrea Kaminski
perm_file_drv_029,file_drv_029,user,owner,andrea.kaminski@Finthesiss.ai,Andrea Kaminski
perm_file_drv_030,file_drv_030,user,owner,andrea.kaminski@Finthesiss.ai,Andrea Kaminski
perm_file_drv_031,file_drv_031,user,owner,andrea.kaminski@Finthesiss.ai,Andrea Kaminski
perm_file_drv_032,file_drv_032,user,owner,andrea.kaminski@Finthesiss.ai,Andrea Kaminski
perm_file_drv_033,file_drv_033,user,owner,andrea.kaminski@Finthesiss.ai,Andrea Kaminski
perm_file_drv_034,file_drv_034,user,owner,andrea.kaminski@Finthesiss.ai,Andrea Kaminski
perm_file_drv_035,file_drv_035,user,owner,andrea.kaminski@Finthesiss.ai,Andrea Kaminski
perm_file_drv_036,file_drv_036,user,owner,andrea.kaminski@Finthesiss.ai,Andrea Kaminski
perm_file_drv_037,file_drv_037,user,owner,andrea.kaminski@Finthesiss.ai,Andrea Kaminski
perm_file_drv_038,file_drv_038,user,owner,andrea.kaminski@Finthesiss.ai,Andrea Kaminski
perm_file_drv_039,file_drv_039,user,owner,andrea.kaminski@Finthesiss.ai,Andrea Kaminski
perm_file_drv_040,file_drv_040,user,owner,andrea.kaminski@Finthesiss.ai,Andrea Kaminski
perm_file_drv_041,file_drv_041,user,owner,andrea.kaminski@Finthesiss.ai,Andrea Kaminski
perm_file_drv_042,file_drv_042,user,owner,andrea.kaminski@Finthesiss.ai,Andrea Kaminski
perm_file_drv_043,file_drv_043,user,owner,andrea.kaminski@Finthesiss.ai,Andrea Kaminski
perm_file_drv_044,file_drv_044,user,owner,andrea.kaminski@Finthesiss.ai,Andrea Kaminski
perm_file_drv_045,file_drv_045,user,owner,andrea.kaminski@Finthesiss.ai,Andrea Kaminski
perm_file_drv_046,file_drv_046,user,owner,andrea.kaminski@Finthesiss.ai,Andrea Kaminski
perm_file_drv_047,file_drv_047,user,owner,andrea.kaminski@Finthesiss.ai,Andrea Kaminski
perm_file_drv_048,file_drv_048,user,owner,andrea.kaminski@Finthesiss.ai,Andrea Kaminski
perm_file_drv_049,file_drv_049,user,owner,andrea.kaminski@Finthesiss.ai,Andrea Kaminski
perm_file_drv_050,file_drv_050,user,owner,andrea.kaminski@Finthesiss.ai,Andrea Kaminski
perm_file_drv_051,file_drv_051,user,owner,andrea.kaminski@Finthesiss.ai,Andrea Kaminski
perm_file_drv_052,file_drv_052,user,owner,andrea.kaminski@Finthesiss.ai,Andrea Kaminski
perm_file_drv_053,file_drv_053,user,owner,andrea.kaminski@Finthesiss.ai,Andrea Kaminski
perm_file_drv_054,file_drv_054,user,owner,andrea.kaminski@Finthesiss.ai,Andrea Kaminski
